<?xml version='1.0' encoding='UTF-8'?>
<faces-config version="2.2"
              xmlns="http://xmlns.jcp.org/xml/ns/javaee"
              xmlns:xsi="http://www.w3.org/2001/XMLSchema-instance"
              xsi:schemaLocation="http://xmlns.jcp.org/xml/ns/javaee http://xmlns.jcp.org/xml/ns/javaee/web-facesconfig_2_2.xsd">

        <navigation-rule>
        <from-view-id>/index.xhtml</from-view-id>
        <navigation-case>
            <from-action>#{Bean.check()}</from-action>
            <from-outcome>khush</from-outcome>
            <to-view-id>/Welcome.xhtml</to-view-id>
        </navigation-case>
        <navigation-case>
            <from-action>#{Bean.check()}</from-action>
            <from-outcome>error</from-outcome>
            <to-view-id>/index.xhtml</to-view-id>
        </navigation-case>
        <navigation-case>
            <from-action>#{Bean.Register()}</from-action>
            <from-outcome>register</from-outcome>
            <to-view-id>/Register.xhtml</to-view-id>
        </navigation-case>
    </navigation-rule>
    
    <!-- For Registartion  -->
    <navigation-rule>
        <from-view-id>/Register.xhtml</from-view-id>
        <navigation-case>
            <from-action>#{InsertBean.Insert()}</from-action>
            <from-outcome>Inserted</from-outcome>
            <to-view-id>/index.xhtml</to-view-id>
        </navigation-case>
        <navigation-case>
            <from-action>#{InsertBean.Insert()}</from-action>
            <from-outcome>NotInserted</from-outcome>
            <to-view-id>/Register.xhtml</to-view-id>
        </navigation-case>
    </navigation-rule>
</faces-config>
